Team name,Player name,Number,Position,URL,Mugshot
MAGNOLIA CHICKEN TIMPLADOS HOTSHOTS,CALVIN ABUEVA,#13,F,players/calvin-abueva,https://dashboard.pba.ph/assets/players/Abueva23.png
NORTH PORT BATANG PIER,BENEDICT ADAMOS,#88,C,players/benedict-adamos,https://dashboard.pba.ph/assets/players/Adam23os_Northport.png
BARANGAY GINEBRA SAN MIGUEL,JAPETH AGUILAR,,,players/japeth-aguilar,https://dashboard.pba.ph/assets/players/J_Aguilar.png
BARANGAY GINEBRA SAN MIGUEL,RAYMOND AGUILAR,,,players/raymond-aguilar,https://dashboard.pba.ph/assets/players/R_Aguilar.png
BARANGAY GINEBRA SAN MIGUEL,MAVERICK AHANMISI,#0,G,players/maverick-ahanmisi,https://dashboard.pba.ph/assets/players/M_Ahanmisi.png
MAGNOLIA CHICKEN TIMPLADOS HOTSHOTS,JERRICK AHANMISI,#2,G,players/jerrick-ahanmisi,https://dashboard.pba.ph/assets/players/J_Ahanmisi23.png
PHOENIX FUEL MASTERS,JAYJAY ALEJANDRO,,,players/jayjay-alejandro,https://dashboard.pba.ph/assets/players/Alejandro23.png
MERALCO BOLTS,RAYMOND ALMAZAN,,,players/raymond-almazan,https://dashboard.pba.ph/assets/players/Almazan23.png
TERRAFIRMA DYIP,GELO ALOLINO,,,players/gelo-alolino,https://dashboard.pba.ph/assets/players/Alolin23o.png
CONVERGE FIBERXERS,JEO AMBOHOT,#19,C,players/jeo-ambohot,https://dashboard.pba.ph/assets/players/Ambohot23.png
NLEX ROAD WARRIORS,BASER AMER,,,players/baser-amer,https://dashboard.pba.ph/assets/players/24amerb.png
NORTH PORT BATANG PIER,JOHN ANTHONY AMORES,#19,F G,players/john-anthony-amores,https://dashboard.pba.ph/assets/players/AMores233.png
CONVERGE FIBERXERS,BRYAN JASON ANDRADE,#0,G,players/bryan-jason-andrade,https://dashboard.pba.ph/assets/players/24Andrade.png
NLEX ROAD WARRIORS,SEAN ANTHONY,,,players/sean-anthony,https://dashboard.pba.ph/assets/players/Anthon23y.png
CONVERGE FIBERXERS,JUSTIN ARANA,#15,C,players/justin-arana,https://dashboard.pba.ph/assets/players/Arana23.png
RAIN OR SHINE ELASTOPAINTERS,ANTON RAFAEL ASISTIO,#8,G,players/anton-rafael-asistio,https://dashboard.pba.ph/assets/players/Asistio23.png
TNT TROPANG GIGA,KIM CYRIL AURIN,#35,F G,players/kim-cyril-aurin,https://dashboard.pba.ph/assets/players/Aurin23.png
TNT TROPANG GIGA,KIM AURIN,#35,Guard,players/kim-aurin,https://dashboard.pba.ph/assets/players/Aurin23.png
CONVERGE FIBERXERS,JERRICK BALANZA,#7,G,players/jerrick-balanza,https://dashboard.pba.ph/assets/players/Balanza23.png
MERALCO BOLTS,CHRIS BANCHERO,,,players/chris-banchero,https://dashboard.pba.ph/assets/players/Banchero23.png
MAGNOLIA CHICKEN TIMPLADOS HOTSHOTS,ANDY MARK BARROCA,,,players/andy-mark-barroca,https://dashboard.pba.ph/assets/players/Barroca23.png
MERALCO BOLTS,BRANDON MATTHEW BATES,#33,C F,players/brandon-matthew-bates,https://dashboard.pba.ph/assets/players/Bates23.png
MERALCO BOLTS,BRANDON BATES,#33,Forward,players/brandon-bates,https://dashboard.pba.ph/assets/players/Bates23.png
RAIN OR SHINE ELASTOPAINTERS,BEAU MICHAEL VINCENT BELGA,,,players/beau-michael-vincent-belga,https://dashboard.pba.ph/assets/players/Belga23.png
RAIN OR SHINE ELASTOPAINTERS,MAC BELO,,,players/mac-belo,https://dashboard.pba.ph/assets/players/Belo.23png.png
MERALCO BOLTS,NORMAN AARON BLACK,#1,F G,players/norman-aaron-black,https://dashboard.pba.ph/assets/players/Black23.png
NLEX ROAD WARRIORS,ROBERT LEE BOLICK JR.,,,players/robert-lee-bolick-jr.,https://dashboard.pba.ph/assets/players/Bolick_NLEX.png
RAIN OR SHINE ELASTOPAINTERS,MARK ANTHONY BORBORAN,,,players/mark-anthony-borboran,https://dashboard.pba.ph/assets/players/Borb23oran.png
SAN MIGUEL BEERMEN,RODNEY BRONDIAL,,,players/rodney-brondial,https://dashboard.pba.ph/assets/players/Brond23ial.png
NORTH PORT BATANG PIER,ALLYN BULANADI,#13,Guard,players/allyn-bulanadi,https://dashboard.pba.ph/assets/players/Bu32lanadi_North.png
TERRAFIRMA DYIP,PHILIP ANDREAS CAHILIG,,,players/philip-andreas-cahilig,https://dashboard.pba.ph/assets/players/Cahili23g.png
NORTH PORT BATANG PIER,JOHN MICHAEL CALMA,#2,F,players/john-michael-calma,https://dashboard.pba.ph/assets/players/Calma23.png
TERRAFIRMA DYIP,JOHN PAUL CALVO,,,players/john-paul-calvo,https://dashboard.pba.ph/assets/players/Calvo23.png
PHOENIX FUEL MASTERS,SIMON DAVID CAMACHO,#20,F G,players/simon-david-camacho,https://dashboard.pba.ph/assets/players/Camacho23.png
TERRAFIRMA DYIP,ERIC JAMES CAMSON,,,players/eric-james-camson,https://dashboard.pba.ph/assets/players/Camson23.png
RAIN OR SHINE ELASTOPAINTERS,ANDREI CARACUT,#14,G,players/andrei-caracut,https://dashboard.pba.ph/assets/players/Carac23ut.png
CONVERGE FIBERXERS,KING DENIELLE CARALIPIO,#27,F,players/king-denielle-caralipio,https://dashboard.pba.ph/assets/players/Caralipio13.png
MERALCO BOLTS,ANTONIO JOSE CARAM,,,players/antonio-jose-caram,https://dashboard.pba.ph/assets/players/Caram23.png
TNT TROPANG GIGA,WILLIAM JAYSON CASTRO,,,players/william-jayson-castro,https://dashboard.pba.ph/assets/players/Castro23.png
NORTH PORT BATANG PIER,JEFF CHAN,,,players/jeff-chan,https://dashboard.pba.ph/assets/players/Chan23.png
NLEX ROAD WARRIORS,EDGAR CHARCOS,#0,G,players/edgar-charcos,https://dashboard.pba.ph/assets/players/noimage.png
RAIN OR SHINE ELASTOPAINTERS,JHONARD CLARITO,#22,F,players/jhonard-clarito,https://dashboard.pba.ph/assets/players/Clarit23o.png
BLACKWATER ELITE,ARCHIE CONCEPCION,#2,,players/archie-concepcion,https://dashboard.pba.ph/assets/players/Concepc23ion.png
BLACKWATER ELITE,ARCHIE CONCEPCION,#2,,players/archie-concepcion,https://dashboard.pba.ph/assets/players/Concepc23ion.png
MAGNOLIA CHICKEN TIMPLADOS HOTSHOTS,JACKSON CORPUZ,,,players/jackson-corpuz,https://dashboard.pba.ph/assets/players/Corpuz23.png
SAN MIGUEL BEERMEN,JERICHO CRUZ,#39,,players/jericho-cruz,https://dashboard.pba.ph/assets/players/Cruz23.png
BARANGAY GINEBRA SAN MIGUEL,LOUIS RAPHAEL CU,#18,F G,players/louis-raphael-cu,https://dashboard.pba.ph/assets/players/Cu.png
NORTH PORT BATANG PIER,DAMIE CUNTAPAY,#37,C F,players/damie-cuntapay,https://dashboard.pba.ph/assets/players/24Cuntapay.png
RAIN OR SHINE ELASTOPAINTERS,KEITH DATU,#21,C F,players/keith-datu,https://dashboard.pba.ph/assets/players/Datu23.png
PHOENIX FUEL MASTERS,MATTHEW DAVES,#12,C F,players/matthew-daves,https://dashboard.pba.ph/assets/players/Daves23.png
BLACKWATER ELITE,CHRISTIAN DAVID,#25,C F,players/christian-david,https://dashboard.pba.ph/assets/players/noimage.png
BARANGAY GINEBRA SAN MIGUEL,JAYSON DAVID,#24,G,players/jayson-david,https://dashboard.pba.ph/assets/players/J_David.png
CONVERGE FIBERXERS,JOHN LOUISSE (JL) DE LOS SANTOS,#24,Forward,players/john-louisse-jl-de-los-santos,https://dashboard.pba.ph/assets/players/Delos_Santos13.png
MAGNOLIA CHICKEN TIMPLADOS HOTSHOTS,ROME DELA ROSA,,,players/rome-dela-rosa,https://dashboard.pba.ph/assets/players/Dela_Rosa23.png
CONVERGE FIBERXERS,JOHN LOUISEE DELOS SANTOS,#24,F,players/john-louisee-delos-santos,http://se-img.dcd-production.i.geniussports.com/c5b2b8244a50c4c5515e70a396b2553eT1.png
RAIN OR SHINE ELASTOPAINTERS,NICK DEMUSIS,#31,F G,players/nick-demusis,https://dashboard.pba.ph/assets/players/Demusis23.png
BLACKWATER ELITE,MICHAEL DIGREGORIO,,,players/michael-digregorio,https://dashboard.pba.ph/assets/players/HinDiGregorio.png
BARANGAY GINEBRA SAN MIGUEL,JARED DILLINGER,,,players/jared-dillinger,https://dashboard.pba.ph/assets/players/Dillinger_(1).png
MAGNOLIA CHICKEN TIMPLADOS HOTSHOTS,ARISTOTLE DIONISIO,#57,C F,players/aristotle-dionisio,https://dashboard.pba.ph/assets/players/Dionisio23.png
TNT TROPANG GIGA,KEVIN BARKLEY EBONA,#8,C,players/kevin-barkley-ebona,https://dashboard.pba.ph/assets/players/24Ebona.png
SAN MIGUEL BEERMEN,SIMON NICHOLAS ENCISO,#0,G,players/simon-nicholas-enciso,https://dashboard.pba.ph/assets/players/Enciso23.png
MAGNOLIA CHICKEN TIMPLADOS HOTSHOTS,JOSEPH ERIOBU,#88,F,players/joseph-eriobu,https://dashboard.pba.ph/assets/players/Eriobu23.png
MAGNOLIA CHICKEN TIMPLADOS HOTSHOTS,RUSSEL ESCOTO,,,players/russel-escoto,https://dashboard.pba.ph/assets/players/Escoto23.png
BLACKWATER ELITE,RICHARD ESCOTO,#23,F G,players/richard-escoto,https://dashboard.pba.ph/assets/players/RaselEscoto.png
NLEX ROAD WARRIORS,DOMINIC FAJARDO,#19,F G,players/dominic-fajardo,https://dashboard.pba.ph/assets/players/D_Fajard23o.png
SAN MIGUEL BEERMEN,JUNE MAR FAJARDO,,,players/june-mar-fajardo,https://dashboard.pba.ph/assets/players/Fajardo23.png
NLEX ROAD WARRIORS,DOMINIC FAJARDO,#19,F G,players/dominic-fajardo,https://dashboard.pba.ph/assets/players/D_Fajard23o.png
TERRAFIRMA DYIP,KEVIN FERRER,,,players/kevin-ferrer,https://dashboard.pba.ph/assets/players/Ferrer-v2.png
NORTH PORT BATANG PIER,CADE FLORES,#22,C F,players/cade-flores,https://dashboard.pba.ph/assets/players/C_Flores23.png
CONVERGE FIBERXERS,INAND FORNILOS,#0,F G,players/inand-fornilos,https://dashboard.pba.ph/assets/players/Fornilos23.png
CONVERGE FIBERXERS,INAND FORNILOS,#0,F G,players/inand-fornilos,https://dashboard.pba.ph/assets/players/Fornilos23.png
TNT TROPANG GIGA,HENRY GALINATO,#32,Forward,players/henry-galinato,https://dashboard.pba.ph/assets/players/Galinato23.png
TNT TROPANG GIGA,HENRY GALINATO JR.,#32,C F,players/henry-galinato-jr.,http://se-img.dcd-production.i.geniussports.com/f8824fcbee03c8ec174ca440d225c318T1.png
TNT TROPANG GIGA,BRANDON ARNELL GANUELAS-ROSSER,#99,C F,players/brandon-arnell-ganuelas-rosser,https://dashboard.pba.ph/assets/players/24BGR.png
TNT TROPANG GIGA,MATT GANUELAS-ROSSER,,,players/matt-ganuelas-rosser,https://dashboard.pba.ph/assets/players/Rosse23r.png
PHOENIX FUEL MASTERS,RR GARCIA,#8,G,players/rr-garcia,https://dashboard.pba.ph/assets/players/Garcia.23png.png
TERRAFIRMA DYIP,GEORGE ISAAC GO,#11,C F,players/george-isaac-go,https://dashboard.pba.ph/assets/players/Go23.png
TERRAFIRMA DYIP,JAVIER GOMEZ DE LIANO,#22,F G,players/javier-gomez-de-liano,https://dashboard.pba.ph/assets/players/Gomez_de_Lia23no.png
BLACKWATER ELITE,BRADWYN GUINTO,#5,C F,players/bradwyn-guinto,https://dashboard.pba.ph/assets/players/Guinto_23.png
BARANGAY GINEBRA SAN MIGUEL,DONALD GUMARU,#20,G,players/donald-gumaru,https://dashboard.pba.ph/assets/players/Gumaru.png
NLEX ROAD WARRIORS,ROBERT CONRAD HERNDON,,,players/robert-conrad-herndon,https://dashboard.pba.ph/assets/players/Herndo23n.png
TNT TROPANG GIGA,BRIAN HERUELA,,,players/brian-heruela,https://dashboard.pba.ph/assets/players/Heruela23.png
BLACKWATER ELITE,TYRUS HILL,#9,C F,players/tyrus-hill,https://dashboard.pba.ph/assets/players/Hillichurls.png
MERALCO BOLTS,CLIFF HODGE,#7,F,players/cliff-hodge,https://dashboard.pba.ph/assets/players/Hodge23.png
TERRAFIRMA DYIP,STEPHEN JEFFREY HOLT,#2,F G,players/stephen-jeffrey-holt,http://se-img.dcd-production.i.geniussports.com/8117923df05d4d97b091809b6174a218T1.png
TNT TROPANG GIGA,RAHLIR HONDAE-JEFFERSON,#0,Forward,players/rahlir-hondae-jefferson,https://dashboard.pba.ph/assets/players/mensplaceholder.png
BLACKWATER ELITE,REGILE KENT ILAGAN,#0,PG,players/regile-kent-ilagan,https://dashboard.pba.ph/assets/players/Ilagilagan.png
RAIN OR SHINE ELASTOPAINTERS,SHAUN ILDEFONSO,#10,G,players/shaun-ildefonso,https://dashboard.pba.ph/assets/players/Ildefonso23.png
MAGNOLIA CHICKEN TIMPLADOS HOTSHOTS,JIO JALALON,,,players/jio-jalalon,https://dashboard.pba.ph/assets/players/Jalalon23.png
PHOENIX FUEL MASTERS,RJ JAZUL,,,players/rj-jazul,https://dashboard.pba.ph/assets/players/Jazul23.png
SAN MIGUEL BEERMEN,KYT JIMENEZ,#76,Guard,players/kyt-jimenez,https://dashboard.pba.ph/assets/players/Jimenez23.png
BLACKWATER ELITE,CLIFFORD JOPIA,#13,C F,players/clifford-jopia,https://dashboard.pba.ph/assets/players/24Jopia.png
MERALCO BOLTS,RAYMAR JOSE,,,players/raymar-jose,https://dashboard.pba.ph/assets/players/Jose23.png
TNT TROPANG GIGA,GLENN KHOBUNTIN,,,players/glenn-khobuntin,https://dashboard.pba.ph/assets/players/Khobuntin23.png
BLACKWATER ELITE,JAMES KWEKUTEYE,#7,Guard,players/james-kwekuteye,https://dashboard.pba.ph/assets/players/Kwekut23eye.png
PHOENIX FUEL MASTERS,CHRIS LALATA,#6,F,players/chris-lalata,https://dashboard.pba.ph/assets/players/Lalata23.png
MAGNOLIA CHICKEN TIMPLADOS HOTSHOTS,JAMES LAPUT,#42,C,players/james-laput,https://dashboard.pba.ph/assets/players/Laput23.png
SAN MIGUEL BEERMEN,MARCIO LASSITER,#13,G,players/marcio-lassiter,https://dashboard.pba.ph/assets/players/Lassiter.23png.png
MAGNOLIA CHICKEN TIMPLADOS HOTSHOTS,PAUL LEE,,,players/paul-lee,https://dashboard.pba.ph/assets/players/Lee23.png
NORTH PORT BATANG PIER,ZAVIER LUCERO,#7,Forward,players/zavier-lucero,https://dashboard.pba.ph/assets/players/
CONVERGE FIBERXERS,PATRICK MAAGDENBERG,#4,C F,players/patrick-maagdenberg,https://dashboard.pba.ph/assets/players/Maagdenberg23.png
CONVERGE FIBERXERS,PATRICK MAAGDENBERG,#4,C F,players/patrick-maagdenberg,https://dashboard.pba.ph/assets/players/Maagdenberg23.png
MERALCO BOLTS,ALLEIN MALIKSI,,,players/allein-maliksi,https://dashboard.pba.ph/assets/players/Maliksi23.png
SAN MIGUEL BEERMEN,JOHN TROY MALLILIN,#4,F G,players/john-troy-mallilin,https://dashboard.pba.ph/assets/players/Mallilin23.png
BARANGAY GINEBRA SAN MIGUEL,JAMIE MALONZO,#3,C F,players/jamie-malonzo,https://dashboard.pba.ph/assets/players/malonezo.png
RAIN OR SHINE ELASTOPAINTERS,GIAN MAMUYAC,#3,G,players/gian-mamuyac,https://dashboard.pba.ph/assets/players/Mamuyac23.png
PHOENIX FUEL MASTERS,SEAN PAUL MANGANTI,#2,F G,players/sean-paul-manganti,https://dashboard.pba.ph/assets/players/Mangant23i.png
SAN MIGUEL BEERMEN,VIC MANUEL,,,players/vic-manuel,https://dashboard.pba.ph/assets/players/Manuel23.png
NLEX ROAD WARRIORS,DAVE MARCELO,#22,C,players/dave-marcelo,https://dashboard.pba.ph/assets/players/Marcel23o.png
CONVERGE FIBERXERS,ALJUN MELECIO,#11,G,players/aljun-melecio,https://dashboard.pba.ph/assets/players/Melecio23.png
MERALCO BOLTS,JOSE LORENZO MENDOZA,#10,F G,players/jose-lorenzo-mendoza,https://dashboard.pba.ph/assets/players/noimage.png
MAGNOLIA CHICKEN TIMPLADOS HOTSHOTS,JONATHAN JED MENDOZA,#65,F G,players/jonathan-jed-mendoza,https://dashboard.pba.ph/assets/players/Mendoza23.png
TERRAFIRMA DYIP,ALLEN MINA,#29,Guard,players/allen-mina,https://dashboard.pba.ph/assets/players/Mina23.png
NLEX ROAD WARRIORS,MICHAEL MIRANDA,,,players/michael-miranda,https://dashboard.pba.ph/assets/players/Miranda23.png
PHOENIX FUEL MASTERS,JAVEE MOCON,,,players/javee-mocon,https://dashboard.pba.ph/assets/players/Mocon23.png
TNT TROPANG GIGA,KIRELL BRAHNDON MONTALBO,#15,G,players/kirell-brahndon-montalbo,https://dashboard.pba.ph/assets/players/Montalbo23.png
NORTH PORT BATANG PIER,JOSHUA MUNZON,#24,F G,players/joshua-munzon,https://dashboard.pba.ph/assets/players/Munzon23.png
PHOENIX FUEL MASTERS,LARRY MUYANG,#1,C F,players/larry-muyang,https://dashboard.pba.ph/assets/players/Muyang23.png
BLACKWATER ELITE,REY BENEDICT NAMBATAC,,,players/rey-benedict-nambatac,https://dashboard.pba.ph/assets/players/24Nambatec.png
NORTH PORT BATANG PIER,WILLIAM RANIEL NAVARRO,#23,C F,players/william-raniel-navarro,https://dashboard.pba.ph/assets/players/Navarro23.png
NLEX ROAD WARRIORS,JHAN MCHALE NERMAL,#29,Forward,players/jhan-mchale-nermal,https://dashboard.pba.ph/assets/players/Ner23mal.png
NLEX ROAD WARRIORS,JHAN MCHALE NERMAL,#29,Forward,players/jhan-mchale-nermal,https://dashboard.pba.ph/assets/players/Ner23mal.png
MERALCO BOLTS,CHRIS NEWSOME,#11,G,players/chris-newsome,https://dashboard.pba.ph/assets/players/Newsome23.png
NLEX ROAD WARRIORS,MATTHEW NIETO,#31,guard,players/matthew-nieto,https://dashboard.pba.ph/assets/players/M_Nieto23.png
CONVERGE FIBERXERS,MICHAEL JOSEPH NIETO,#7,F G,players/michael-joseph-nieto,https://dashboard.pba.ph/assets/players/Nieto23.png
RAIN OR SHINE ELASTOPAINTERS,ADRIAN CLARENCE NOCUM,#1,,players/adrian-clarence-nocum,https://dashboard.pba.ph/assets/players/mensplaceholder.png
RAIN OR SHINE ELASTOPAINTERS,GABRIEL DANIEL NORWOOD,,,players/gabriel-daniel-norwood,https://dashboard.pba.ph/assets/players/Norwood23.png
TNT TROPANG GIGA,CALVIN JOHN OFTANA,#8,F,players/calvin-john-oftana,https://dashboard.pba.ph/assets/players/Oftana23.png
TERRAFIRMA DYIP,TOMMY YORK OLIVARIO,#6,G,players/tommy-york-olivario,https://dashboard.pba.ph/assets/players/Olivario23.png
BARANGAY GINEBRA SAN MIGUEL,SIDNEY ONWUBERE,,,players/sidney-onwubere,https://dashboard.pba.ph/assets/players/shedne.png
NORTH PORT BATANG PIER,BRENT PARAISO,#38,F G,players/brent-paraiso,https://dashboard.pba.ph/assets/players/Paraiso23.png
MERALCO BOLTS,ALVIN PASAOL,#23,G,players/alvin-pasaol,https://dashboard.pba.ph/assets/players/Pasaol23.png
MERALCO BOLTS,KYLE NICHOLAS PASCUAL,#32,C F,players/kyle-nicholas-pascual,https://dashboard.pba.ph/assets/players/K_Pascual23.png
NLEX ROAD WARRIORS,JAKE PASCUAL,,,players/jake-pascual,https://dashboard.pba.ph/assets/players/J_Pascu23al.png
SAN MIGUEL BEERMEN,JAYMAR PEREZ,,,players/jaymar-perez,https://dashboard.pba.ph/assets/players/Perez.23png.png
PHOENIX FUEL MASTERS,JASON PERKINS,,,players/jason-perkins,https://dashboard.pba.ph/assets/players/Perkins23.png
BARANGAY GINEBRA SAN MIGUEL,VON PESSUMAL,,,players/von-pessumal,https://dashboard.pba.ph/assets/players/tessumal.png
BARANGAY GINEBRA SAN MIGUEL,NARD JOHN PINTO,,,players/nard-john-pinto,https://dashboard.pba.ph/assets/players/Pinto.png
TNT TROPANG GIGA,ROGER POGOY,,,players/roger-pogoy,https://dashboard.pba.ph/assets/players/Pogoy23.png
TNT TROPANG GIGA,JEWEL PONFERADA,,,players/jewel-ponferada,https://dashboard.pba.ph/assets/players/Ponferrada.23png.png
BARANGAY GINEBRA SAN MIGUEL,STANLEY JR. PRINGLE,#11,G,players/stanley-jr.-pringle,https://dashboard.pba.ph/assets/players/Pringle.png
MERALCO BOLTS,KIER JOHN QUINTO,,,players/kier-john-quinto,https://dashboard.pba.ph/assets/players/Quinto23.png
TERRAFIRMA DYIP,ALDRECH RAMOS,,,players/aldrech-ramos,https://dashboard.pba.ph/assets/players/Ramos.23png.png
MAGNOLIA CHICKEN TIMPLADOS HOTSHOTS,RAFI REAVIS,,,players/rafi-reavis,https://dashboard.pba.ph/assets/players/Reavis23.png
TNT TROPANG GIGA,RYAN REYES,,,players/ryan-reyes,https://dashboard.pba.ph/assets/players/Reyes23.png
MERALCO BOLTS,JANSEN RIOS,,,players/jansen-rios,https://dashboard.pba.ph/assets/players/Rios23.png
PHOENIX FUEL MASTERS,RICCI PAOLO RIVERO,#25,F G,players/ricci-paolo-rivero,https://dashboard.pba.ph/assets/players/Rivero23.png
NLEX ROAD WARRIORS,RICHIE RODGER,#1,PF,players/richie-rodger,https://dashboard.pba.ph/assets/players/Rodger23.png
NLEX ROAD WARRIORS,RICHIE RODGER,#1,PF,players/richie-rodger,https://dashboard.pba.ph/assets/players/Rodger23.png
SAN MIGUEL BEERMEN,TERRENCE ROMEO,,,players/terrence-romeo,https://dashboard.pba.ph/assets/players/Romeo.23png.png
NORTH PORT BATANG PIER,KRIS ROSALES,,,players/kris-rosales,https://dashboard.pba.ph/assets/players/Ro23sales_northport.png
BLACKWATER ELITE,JETH TROY ROSARIO,,,players/jeth-troy-rosario,https://dashboard.pba.ph/assets/players/Rosariotrey.png
SAN MIGUEL BEERMEN,CHRIS ROSS,,,players/chris-ross,https://dashboard.pba.ph/assets/players/Ross23.png
TERRAFIRMA DYIP,MARK LOUIE SANGALANG,#66,Forward,players/mark-louie-sangalang,https://dashboard.pba.ph/assets/players/mensplaceholder.png
TERRAFIRMA DYIP,MARK LOUIE SANGALANG,#66,Forward,players/mark-louie-sangalang,https://dashboard.pba.ph/assets/players/mensplaceholder.png
MAGNOLIA CHICKEN TIMPLADOS HOTSHOTS,IAN SANGALANG,,,players/ian-sangalang,https://dashboard.pba.ph/assets/players/Sangalang23.png
RAIN OR SHINE ELASTOPAINTERS,LEONARD SANTILLAN,#25,C F,players/leonard-santillan,https://dashboard.pba.ph/assets/players/Santillan23.png
CONVERGE FIBERXERS,BRYAN SANTOS,#26,C F,players/bryan-santos,https://dashboard.pba.ph/assets/players/Santos23.png
CONVERGE FIBERXERS,BRYAN SANTOS,#26,C F,players/bryan-santos,https://dashboard.pba.ph/assets/players/Santos23.png
NLEX ROAD WARRIORS,ANTHONY PAUL SEMERAD,#33,F,players/anthony-paul-semerad,https://dashboard.pba.ph/assets/players/Semera23d.png
BLACKWATER ELITE,JAMES RYAN SENA,,,players/james-ryan-sena,https://dashboard.pba.ph/assets/players/Senabike.png
PHOENIX FUEL MASTERS,RAUL SOYUD,,,players/raul-soyud,https://dashboard.pba.ph/assets/players/Soyud23.png
BARANGAY GINEBRA SAN MIGUEL,CHRISTIAN KARL STANDHARDINGER,,,players/christian-karl-standhardinger,https://dashboard.pba.ph/assets/players/Standhardinger.png
CONVERGE FIBERXERS,ALEC JUNE STOCKTON,#12,F G,players/alec-june-stockton,https://dashboard.pba.ph/assets/players/Stockton23.png
BLACKWATER ELITE,REY SUERTE,#4,G,players/rey-suerte,https://dashboard.pba.ph/assets/players/Suerte233.png
NORTH PORT BATANG PIER,PAOLO TAHA,,,players/paolo-taha,https://dashboard.pba.ph/assets/players/P_Taha23.png
SAN MIGUEL BEERMEN,MOALA TAUTUAA,,,players/moala-tautuaa,https://dashboard.pba.ph/assets/players/Tautuaa.png
SAN MIGUEL BEERMEN,JERON TENG,,,players/jeron-teng,https://dashboard.pba.ph/assets/players/Teng.png
BARANGAY GINEBRA SAN MIGUEL,LEWIS ALFRED TENORIO,#5,G,players/lewis-alfred-tenorio,https://dashboard.pba.ph/assets/players/Tenio23rio.png
BARANGAY GINEBRA SAN MIGUEL,SCOTTIE THOMPSON,,,players/scottie-thompson,https://dashboard.pba.ph/assets/players/Thompson.png
PHOENIX FUEL MASTERS,CHRISTIAN TYLER TIO,#19,G,players/christian-tyler-tio,https://dashboard.pba.ph/assets/players/Tio23.png
TERRAFIRMA DYIP,JUAN MIGUEL TIONGSON,,,players/juan-miguel-tiongson,https://dashboard.pba.ph/assets/players/Tiongso23n.png
NORTH PORT BATANG PIER,ARVIN DAVE TOLENTINO,#10,F,players/arvin-dave-tolentino,https://dashboard.pba.ph/assets/players/Tolentino23.png
MERALCO BOLTS,NORBERT TORRES,,,players/norbert-torres,https://dashboard.pba.ph/assets/players/Torres23.png
MAGNOLIA CHICKEN TIMPLADOS HOTSHOTS,ABU JAHAL TRATTER,,,players/abu-jahal-tratter,https://dashboard.pba.ph/assets/players/Tratter23.png
SAN MIGUEL BEERMEN,CELEDONIO TROLLANO,#8,F G,players/celedonio-trollano,https://dashboard.pba.ph/assets/players/Troll23ano_SMB.png
PHOENIX FUEL MASTERS,KENNETH JAMES TUFFIN,#20,F G,players/kenneth-james-tuffin,https://dashboard.pba.ph/assets/players/Tuffin23.png
BLACKWATER ELITE,FREDERICK TUNGCAB,#11,F G,players/frederick-tungcab,https://dashboard.pba.ph/assets/players/24Tungcab.png
NLEX ROAD WARRIORS,RENATO ULAR,#5,F,players/renato-ular,https://dashboard.pba.ph/assets/players/24Ular.png
NLEX ROAD WARRIORS,ENOCH VALDEZ,#24,,players/enoch-valdez,https://dashboard.pba.ph/assets/players/23enoch.png
NLEX ROAD WARRIORS,ENOCH VALDEZ,#24,,players/enoch-valdez,https://dashboard.pba.ph/assets/players/23enoch.png
TNT TROPANG GIGA,PAUL VARILLA,,,players/paul-varilla,https://dashboard.pba.ph/assets/players/Varilla23.png
PHOENIX FUEL MASTERS,RAFAEL LORENZO VERANO,#22,C F,players/rafael-lorenzo-verano,https://dashboard.pba.ph/assets/players/Verano23.png
CONVERGE FIBERXERS,KAMRON VIGAN-FLEMING,#1,Guard,players/kamron-vigan-fleming,https://dashboard.pba.ph/assets/players/Vig23an.png
RAIN OR SHINE ELASTOPAINTERS,LUIS VILLEGAS,#24,C F,players/luis-villegas,https://dashboard.pba.ph/assets/players/Villegas23.png
TNT TROPANG GIGA,KELLY WILLIAMS,,,players/kelly-williams,https://dashboard.pba.ph/assets/players/Williams23.png
CONVERGE FIBERXERS,JAMIL WILSON,#99,Forward,players/jamil-wilson,https://dashboard.pba.ph/assets/players/Jamil_Wilson13.png
CONVERGE FIBERXERS,DESCHON WINSTON,#77,G,players/deschon-winston,https://dashboard.pba.ph/assets/players/Winston.png
CONVERGE FIBERXERS,DESCHON WINSTON,#77,G,players/deschon-winston,https://dashboard.pba.ph/assets/players/Winston.png
BLACKWATER ELITE,JAMES YAP,#15,F G,players/james-yap,https://dashboard.pba.ph/assets/players/24yapj.png
NORTH PORT BATANG PIER,FRAN LOUIE YU,#5,F G,players/fran-louie-yu,https://dashboard.pba.ph/assets/players/Yu.23png.png
CONVERGE FIBERXERS,KEITH ZALDIVAR,#25,C PF,players/keith-zaldivar,https://dashboard.pba.ph/assets/players/Zaldivar.png
NORTH PORT BATANG PIER,PAUL CHRISTIAN ZAMAR,,,players/paul-christian-zamar,https://dashboard.pba.ph/assets/players/Zamar23.png
